objectId,temp_out_F,heat_index_F,wind_chill_F,dew_point_F,humidity,barometer,winddir,windspeed,rain_rate,code_version,sampleTime,solarrad_Wm2,observationtime,createdAt,updatedAt
lBE1yojC3f,63,63,63,51,65,26.57,248.0,4,0.03,21June2024,2024-08-10 17:59:00,14,2024-08-10T23:59:00Z,2024-08-11T00:00:02.634Z,2024-08-11T00:00:02.634Z
8pWQq4agJt,63,63,63,52,68,26.56,,0,0.03,21June2024,2024-08-10 18:04:00,21,2024-08-11T00:04:00Z,2024-08-11T00:05:02.032Z,2024-08-11T00:05:02.032Z
GkHACDADkX,62,62,62,52,70,26.56,,0,0.03,21June2024,2024-08-10 18:09:00,33,2024-08-11T00:09:00Z,2024-08-11T00:10:02.275Z,2024-08-11T00:10:02.275Z
I6oVB5s5GF,62,62,62,53,70,26.54,,0,0.04,21June2024,2024-08-10 18:14:00,51,2024-08-11T00:14:00Z,2024-08-11T00:15:02.158Z,2024-08-11T00:15:02.158Z
7kdNOWevLb,63,63,63,53,70,26.52,,0,0.04,21June2024,2024-08-10 18:19:00,49,2024-08-11T00:19:00Z,2024-08-11T00:20:02.102Z,2024-08-11T00:20:02.102Z
RTbbyp4svE,63,63,63,54,72,26.51,,0,0.04,21June2024,2024-08-10 18:24:00,37,2024-08-11T00:24:00Z,2024-08-11T00:25:02.373Z,2024-08-11T00:25:02.373Z
qfMRkCZHtk,63,63,63,54,72,26.49,,0,0.04,21June2024,2024-08-10 18:29:00,65,2024-08-11T00:29:00Z,2024-08-11T00:30:01.905Z,2024-08-11T00:30:01.905Z
IgzN7eDouC,62,62,62,54,74,26.51,,0,0.04,21June2024,2024-08-10 18:34:00,83,2024-08-11T00:34:00Z,2024-08-11T00:35:01.826Z,2024-08-11T00:35:01.826Z
fIDQeXkOVJ,63,63,63,54,74,26.5,,0,0.04,21June2024,2024-08-10 18:39:00,70,2024-08-11T00:39:00Z,2024-08-11T00:40:02.447Z,2024-08-11T00:40:02.447Z
BgOA4ApnEP,62,62,62,54,75,26.49,,0,0.03,21June2024,2024-08-10 18:44:00,63,2024-08-11T00:44:00Z,2024-08-11T00:45:01.956Z,2024-08-11T00:45:01.956Z
7BBZOaqfQ5,62,62,62,55,76,26.49,,0,0.03,21June2024,2024-08-10 18:49:00,58,2024-08-11T00:49:00Z,2024-08-11T00:50:01.637Z,2024-08-11T00:50:01.637Z
8u0fjuRM3x,62,62,62,55,76,26.49,,0,0.02,21June2024,2024-08-10 18:54:00,58,2024-08-11T00:54:00Z,2024-08-11T00:55:01.484Z,2024-08-11T00:55:01.484Z
atez2B6PJb,63,63,63,55,77,26.49,292.0,1,0.01,21June2024,2024-08-10 18:59:00,95,2024-08-11T00:59:00Z,2024-08-11T01:00:02.050Z,2024-08-11T01:00:02.050Z
kWGah4xTbF,63,63,63,56,76,26.49,,0,0.01,21June2024,2024-08-10 19:04:00,105,2024-08-11T01:04:00Z,2024-08-11T01:05:02.118Z,2024-08-11T01:05:02.118Z
ukLQUo09hE,64,64,64,56,75,26.48,,0,0.01,21June2024,2024-08-10 19:09:00,40,2024-08-11T01:09:00Z,2024-08-11T01:10:02.145Z,2024-08-11T01:10:02.145Z
TKFXLFEctA,64,64,64,55,73,26.48,,0,0.0,21June2024,2024-08-10 19:14:00,46,2024-08-11T01:14:00Z,2024-08-11T01:15:01.749Z,2024-08-11T01:15:01.749Z
21EYrbBQjU,64,64,64,55,72,26.48,,0,0.0,21June2024,2024-08-10 19:19:00,121,2024-08-11T01:19:00Z,2024-08-11T01:20:01.593Z,2024-08-11T01:20:01.593Z
ebNt86Ds96,65,65,65,55,71,26.49,,0,0.0,21June2024,2024-08-10 19:24:00,111,2024-08-11T01:24:00Z,2024-08-11T01:25:02.269Z,2024-08-11T01:25:02.269Z
ItGjntD9zI,65,65,65,55,70,26.49,,0,0.0,21June2024,2024-08-10 19:29:00,114,2024-08-11T01:29:00Z,2024-08-11T01:30:01.847Z,2024-08-11T01:30:01.847Z
hy79mG5hwD,66,66,66,55,70,26.49,,0,0.0,21June2024,2024-08-10 19:34:00,98,2024-08-11T01:34:00Z,2024-08-11T01:35:01.660Z,2024-08-11T01:35:01.660Z
8mq1xci5xU,66,66,66,56,70,26.5,,0,0.0,21June2024,2024-08-10 19:39:00,71,2024-08-11T01:39:00Z,2024-08-11T01:40:02.144Z,2024-08-11T01:40:02.144Z
Uqsh5WvBZf,66,66,66,55,68,26.5,,0,0.0,21June2024,2024-08-10 19:44:00,53,2024-08-11T01:44:00Z,2024-08-11T01:45:01.981Z,2024-08-11T01:45:01.981Z
CqnuwjmiDy,66,66,66,55,66,26.51,0.0,1,0.0,21June2024,2024-08-10 19:49:00,23,2024-08-11T01:49:00Z,2024-08-11T01:50:02.366Z,2024-08-11T01:50:02.366Z
DiIWLabFNJ,67,67,67,53,61,26.51,292.0,4,0.0,21June2024,2024-08-10 19:54:00,11,2024-08-11T01:54:00Z,2024-08-11T01:55:01.741Z,2024-08-11T01:55:01.741Z
kTHL6b6o6D,67,67,67,52,59,26.51,315.0,1,0.0,21June2024,2024-08-10 19:59:00,7,2024-08-11T01:59:00Z,2024-08-11T02:00:01.597Z,2024-08-11T02:00:01.597Z
8jlBvZPzsU,67,67,67,51,57,26.51,,0,0.0,21June2024,2024-08-10 20:04:00,0,2024-08-11T02:04:00Z,2024-08-11T02:05:02.393Z,2024-08-11T02:05:02.393Z
MEvCSFccEm,67,67,67,51,57,26.51,315.0,1,0.0,21June2024,2024-08-10 20:09:00,0,2024-08-11T02:09:00Z,2024-08-11T02:10:02.198Z,2024-08-11T02:10:02.198Z
Kux8RMm6gC,67,67,67,51,57,26.51,,0,0.0,21June2024,2024-08-10 20:14:00,0,2024-08-11T02:14:00Z,2024-08-11T02:15:01.898Z,2024-08-11T02:15:01.898Z
TnepJ2ykHs,66,66,66,51,57,26.51,,0,0.0,21June2024,2024-08-10 20:19:00,0,2024-08-11T02:19:00Z,2024-08-11T02:20:02.268Z,2024-08-11T02:20:02.268Z
EXShzmFHMd,66,66,66,51,59,26.51,,0,0.0,21June2024,2024-08-10 20:24:00,0,2024-08-11T02:24:00Z,2024-08-11T02:25:01.485Z,2024-08-11T02:25:01.485Z
I5WMbq8wP1,65,65,65,51,61,26.51,,0,0.0,21June2024,2024-08-10 20:29:00,0,2024-08-11T02:29:00Z,2024-08-11T02:30:02.021Z,2024-08-11T02:30:02.021Z
ZoJOO41sqS,65,65,65,51,61,26.5,,0,0.0,21June2024,2024-08-10 20:34:00,0,2024-08-11T02:34:00Z,2024-08-11T02:35:02.361Z,2024-08-11T02:35:02.361Z
MLxFnAsgPg,64,64,64,51,63,26.5,,0,0.0,21June2024,2024-08-10 20:39:00,0,2024-08-11T02:39:00Z,2024-08-11T02:40:01.876Z,2024-08-11T02:40:01.876Z
fGdCWDZkZs,64,64,64,52,65,26.51,,0,0.0,21June2024,2024-08-10 20:44:00,0,2024-08-11T02:44:00Z,2024-08-11T02:45:02.122Z,2024-08-11T02:45:02.122Z
NNuXScC9f7,64,64,64,51,64,26.5,,0,0.0,21June2024,2024-08-10 20:49:00,0,2024-08-11T02:49:00Z,2024-08-11T02:50:01.792Z,2024-08-11T02:50:01.792Z
F7JOwGG9x5,64,64,64,51,62,26.5,,0,0.0,21June2024,2024-08-10 20:54:00,0,2024-08-11T02:54:00Z,2024-08-11T02:55:01.512Z,2024-08-11T02:55:01.512Z
xSVXa2PhvB,64,64,64,51,61,26.51,,0,0.0,21June2024,2024-08-10 20:59:00,0,2024-08-11T02:59:00Z,2024-08-11T03:00:02.360Z,2024-08-11T03:00:02.360Z
ZJTyjGFU26,64,64,64,51,61,26.51,,0,0.0,21June2024,2024-08-10 21:04:00,0,2024-08-11T03:04:00Z,2024-08-11T03:05:01.557Z,2024-08-11T03:05:01.557Z
1gy1OHRBqb,64,64,64,51,61,26.51,,0,0.0,21June2024,2024-08-10 21:09:00,0,2024-08-11T03:09:00Z,2024-08-11T03:10:02.445Z,2024-08-11T03:10:02.445Z
6rkNPUrlT6,64,64,64,51,62,26.51,,0,0.0,21June2024,2024-08-10 21:14:00,0,2024-08-11T03:14:00Z,2024-08-11T03:15:01.594Z,2024-08-11T03:15:01.594Z
i9IxuXl6nY,64,64,64,51,63,26.51,,0,0.0,21June2024,2024-08-10 21:19:00,0,2024-08-11T03:19:00Z,2024-08-11T03:20:02.202Z,2024-08-11T03:20:02.202Z
uCFYa541av,64,64,64,50,62,26.5,,0,0.0,21June2024,2024-08-10 21:24:00,0,2024-08-11T03:24:00Z,2024-08-11T03:25:01.658Z,2024-08-11T03:25:01.658Z
NCnvH04aFu,64,64,64,51,63,26.51,,0,0.0,21June2024,2024-08-10 21:29:00,0,2024-08-11T03:29:00Z,2024-08-11T03:30:02.482Z,2024-08-11T03:30:02.482Z
mTKYbfbLHO,64,64,64,51,63,26.51,,0,0.0,21June2024,2024-08-10 21:34:00,0,2024-08-11T03:34:00Z,2024-08-11T03:35:02.536Z,2024-08-11T03:35:02.536Z
UVnBVdzvsn,63,63,63,51,64,26.51,,0,0.0,21June2024,2024-08-10 21:39:00,0,2024-08-11T03:39:00Z,2024-08-11T03:40:02.062Z,2024-08-11T03:40:02.062Z
NFm9SkCmhC,63,63,63,51,64,26.5,,0,0.0,21June2024,2024-08-10 21:44:00,0,2024-08-11T03:44:00Z,2024-08-11T03:45:02.529Z,2024-08-11T03:45:02.529Z
AAijuyNHtF,64,64,64,51,64,26.51,,0,0.0,21June2024,2024-08-10 21:49:00,0,2024-08-11T03:49:00Z,2024-08-11T03:50:02.301Z,2024-08-11T03:50:02.301Z
zOHAW9U90x,64,64,64,52,65,26.51,,0,0.0,21June2024,2024-08-10 21:54:00,0,2024-08-11T03:54:00Z,2024-08-11T03:55:02.379Z,2024-08-11T03:55:02.379Z
qrc5w5sgGs,64,64,64,52,66,26.52,,0,0.0,21June2024,2024-08-10 21:59:00,0,2024-08-11T03:59:00Z,2024-08-11T04:00:02.032Z,2024-08-11T04:00:02.032Z
m5GyY6eOoL,64,64,64,52,66,26.54,135.0,2,0.0,21June2024,2024-08-10 22:04:00,0,2024-08-11T04:04:00Z,2024-08-11T04:05:02.007Z,2024-08-11T04:05:02.007Z
1B4AuLLSJv,64,64,64,52,67,26.54,,0,0.0,21June2024,2024-08-10 22:09:00,0,2024-08-11T04:09:00Z,2024-08-11T04:10:02.422Z,2024-08-11T04:10:02.422Z
cQAELxAxam,64,64,64,52,66,26.53,,0,0.0,21June2024,2024-08-10 22:14:00,0,2024-08-11T04:14:00Z,2024-08-11T04:15:01.781Z,2024-08-11T04:15:01.781Z
1zgGFZDweV,64,64,64,52,66,26.54,,0,0.0,21June2024,2024-08-10 22:19:00,0,2024-08-11T04:19:00Z,2024-08-11T04:20:01.774Z,2024-08-11T04:20:01.774Z
WrNZFvR0Q6,63,63,63,52,66,26.54,,0,0.0,21June2024,2024-08-10 22:24:00,0,2024-08-11T04:24:00Z,2024-08-11T04:25:02.218Z,2024-08-11T04:25:02.218Z
hgxz0YMVTO,63,63,63,52,66,26.53,,0,0.0,21June2024,2024-08-10 22:29:00,0,2024-08-11T04:29:00Z,2024-08-11T04:30:01.726Z,2024-08-11T04:30:01.726Z
qXXGLJHhoe,63,63,63,52,67,26.54,,0,0.0,21June2024,2024-08-10 22:34:00,0,2024-08-11T04:34:00Z,2024-08-11T04:35:01.983Z,2024-08-11T04:35:01.983Z
fvT8qSVD7z,63,63,63,52,68,26.54,,0,0.0,21June2024,2024-08-10 22:39:00,0,2024-08-11T04:39:00Z,2024-08-11T04:40:01.503Z,2024-08-11T04:40:01.503Z
mBSoK6iY3r,62,62,62,52,69,26.54,,0,0.0,21June2024,2024-08-10 22:44:00,0,2024-08-11T04:44:00Z,2024-08-11T04:45:02.184Z,2024-08-11T04:45:02.184Z
ZXXzdJVmYw,62,62,62,52,69,26.54,,0,0.0,21June2024,2024-08-10 22:49:00,0,2024-08-11T04:49:00Z,2024-08-11T04:50:01.808Z,2024-08-11T04:50:01.808Z
1wY1c0Xbfi,62,62,62,52,70,26.53,,0,0.0,21June2024,2024-08-10 22:54:00,0,2024-08-11T04:54:00Z,2024-08-11T04:55:02.228Z,2024-08-11T04:55:02.228Z
Jqztqgn9DL,62,62,62,53,72,26.54,,0,0.0,21June2024,2024-08-10 22:59:00,0,2024-08-11T04:59:00Z,2024-08-11T05:00:02.025Z,2024-08-11T05:00:02.025Z
kH1I03K6HW,62,62,62,53,71,26.54,,0,0.0,21June2024,2024-08-10 23:04:00,0,2024-08-11T05:04:00Z,2024-08-11T05:05:02.028Z,2024-08-11T05:05:02.028Z
fAv4LZFYkS,62,62,62,53,71,26.54,,0,0.0,21June2024,2024-08-10 23:09:00,0,2024-08-11T05:09:00Z,2024-08-11T05:10:02.403Z,2024-08-11T05:10:02.403Z
JutcY7s74s,62,62,62,53,71,26.54,,0,0.0,21June2024,2024-08-10 23:14:00,0,2024-08-11T05:14:00Z,2024-08-11T05:15:02.261Z,2024-08-11T05:15:02.261Z
fv0gbrLyWX,62,62,62,53,71,26.54,,0,0.0,21June2024,2024-08-10 23:19:00,0,2024-08-11T05:19:00Z,2024-08-11T05:20:01.736Z,2024-08-11T05:20:01.736Z
QJf6FZifoM,62,62,62,53,71,26.54,,0,0.0,21June2024,2024-08-10 23:24:00,0,2024-08-11T05:24:00Z,2024-08-11T05:25:01.466Z,2024-08-11T05:25:01.466Z
Yc9B9edVT1,62,62,62,53,70,26.54,,0,0.0,21June2024,2024-08-10 23:29:00,0,2024-08-11T05:29:00Z,2024-08-11T05:30:01.941Z,2024-08-11T05:30:01.941Z
82Z4POoE8N,63,63,63,53,70,26.54,,0,0.0,21June2024,2024-08-10 23:34:00,0,2024-08-11T05:34:00Z,2024-08-11T05:35:02.147Z,2024-08-11T05:35:02.147Z
VCZFcRIHQC,63,63,63,52,69,26.54,,0,0.0,21June2024,2024-08-10 23:39:00,0,2024-08-11T05:39:00Z,2024-08-11T05:40:01.669Z,2024-08-11T05:40:01.669Z
BQiFo6ODUj,63,63,63,53,69,26.54,,0,0.0,21June2024,2024-08-10 23:44:00,0,2024-08-11T05:44:00Z,2024-08-11T05:45:01.817Z,2024-08-11T05:45:01.817Z
SMIIgYeyGD,63,63,63,53,69,26.53,,0,0.0,21June2024,2024-08-10 23:49:00,0,2024-08-11T05:49:00Z,2024-08-11T05:50:01.523Z,2024-08-11T05:50:01.523Z
IejT6zWDs3,63,63,63,52,69,26.53,,0,0.0,21June2024,2024-08-10 23:54:00,0,2024-08-11T05:54:00Z,2024-08-11T05:55:02.446Z,2024-08-11T05:55:02.446Z
v5yFGjALfA,63,63,63,53,70,26.54,,0,0.0,21June2024,2024-08-10 23:59:00,0,2024-08-11T05:59:00Z,2024-08-11T06:00:02.297Z,2024-08-11T06:00:02.297Z
bTix3BlJGc,62,62,62,53,70,26.53,,0,0.0,21June2024,2024-08-11 00:04:00,0,2024-08-11T06:04:00Z,2024-08-11T06:05:02.039Z,2024-08-11T06:05:02.039Z
YvzvHDoNu4,63,63,63,53,70,26.53,,0,0.0,21June2024,2024-08-11 00:09:00,0,2024-08-11T06:09:00Z,2024-08-11T06:10:02.012Z,2024-08-11T06:10:02.012Z
QvrDXpXUJZ,63,63,63,53,70,26.54,,0,0.0,21June2024,2024-08-11 00:14:00,0,2024-08-11T06:14:00Z,2024-08-11T06:15:02.436Z,2024-08-11T06:15:02.436Z
QSDDKFpCx3,63,63,63,53,70,26.53,,0,0.0,21June2024,2024-08-11 00:19:00,0,2024-08-11T06:19:00Z,2024-08-11T06:20:02.367Z,2024-08-11T06:20:02.367Z
BJktngOABD,63,63,63,54,71,26.53,,0,0.0,21June2024,2024-08-11 00:24:00,0,2024-08-11T06:24:00Z,2024-08-11T06:25:01.653Z,2024-08-11T06:25:01.653Z
LVeBFtvvVp,63,63,63,54,71,26.53,,0,0.0,21June2024,2024-08-11 00:29:00,0,2024-08-11T06:29:00Z,2024-08-11T06:30:02.222Z,2024-08-11T06:30:02.222Z
eY79RbhB8d,63,63,63,54,71,26.53,,0,0.0,21June2024,2024-08-11 00:34:00,0,2024-08-11T06:34:00Z,2024-08-11T06:35:02.212Z,2024-08-11T06:35:02.212Z
LPBAPpcdwX,63,63,63,54,71,26.53,,0,0.0,21June2024,2024-08-11 00:39:00,0,2024-08-11T06:39:00Z,2024-08-11T06:40:01.831Z,2024-08-11T06:40:01.831Z
R7FBKbLA0m,63,63,63,54,72,26.53,,0,0.0,21June2024,2024-08-11 00:44:00,0,2024-08-11T06:44:00Z,2024-08-11T06:45:02.110Z,2024-08-11T06:45:02.110Z
lEIDvxuRgP,63,63,63,54,71,26.53,,0,0.0,21June2024,2024-08-11 00:49:00,0,2024-08-11T06:49:00Z,2024-08-11T06:50:02.441Z,2024-08-11T06:50:02.441Z
ZYyEiGZYfc,63,63,63,54,71,26.53,,0,0.0,21June2024,2024-08-11 00:54:00,0,2024-08-11T06:54:00Z,2024-08-11T06:55:02.333Z,2024-08-11T06:55:02.333Z
CMMkl7RtlD,63,63,63,54,71,26.53,,0,0.0,21June2024,2024-08-11 00:59:00,0,2024-08-11T06:59:00Z,2024-08-11T07:00:01.893Z,2024-08-11T07:00:01.893Z
GyWtwrjS6q,63,63,63,54,71,26.53,,0,0.0,21June2024,2024-08-11 01:04:00,0,2024-08-11T07:04:00Z,2024-08-11T07:05:02.095Z,2024-08-11T07:05:02.095Z
DUt0PdHRSK,63,63,63,54,71,26.53,,0,0.0,21June2024,2024-08-11 01:09:00,0,2024-08-11T07:09:00Z,2024-08-11T07:10:01.672Z,2024-08-11T07:10:01.672Z
XyWBNsvJVK,63,63,63,54,71,26.53,,0,0.0,21June2024,2024-08-11 01:14:00,0,2024-08-11T07:14:00Z,2024-08-11T07:15:02.042Z,2024-08-11T07:15:02.042Z
5dABquyxBh,63,63,63,53,71,26.53,,0,0.0,21June2024,2024-08-11 01:19:00,0,2024-08-11T07:19:00Z,2024-08-11T07:20:01.654Z,2024-08-11T07:20:01.654Z
oUSbbCpWej,63,63,63,54,71,26.53,,0,0.0,21June2024,2024-08-11 01:24:00,0,2024-08-11T07:24:00Z,2024-08-11T07:25:01.644Z,2024-08-11T07:25:01.644Z
Z2CtLLQLL6,63,63,63,53,70,26.52,,0,0.0,21June2024,2024-08-11 01:29:00,0,2024-08-11T07:29:00Z,2024-08-11T07:30:02.430Z,2024-08-11T07:30:02.430Z
LbbsU3qnax,63,63,63,53,69,26.52,,0,0.0,21June2024,2024-08-11 01:34:00,0,2024-08-11T07:34:00Z,2024-08-11T07:35:01.483Z,2024-08-11T07:35:01.483Z
Q6z5cw2N38,63,63,63,53,69,26.52,,0,0.0,21June2024,2024-08-11 01:39:00,0,2024-08-11T07:39:00Z,2024-08-11T07:40:01.959Z,2024-08-11T07:40:01.959Z
8gKnuVmLot,63,63,63,53,69,26.53,,0,0.0,21June2024,2024-08-11 01:44:00,0,2024-08-11T07:44:00Z,2024-08-11T07:45:01.451Z,2024-08-11T07:45:01.451Z
wlKRSikurH,63,63,63,53,69,26.53,,0,0.0,21June2024,2024-08-11 01:49:00,0,2024-08-11T07:49:00Z,2024-08-11T07:50:01.914Z,2024-08-11T07:50:01.914Z
pEKKTV5U0Z,63,63,63,53,69,26.53,,0,0.0,21June2024,2024-08-11 01:54:00,0,2024-08-11T07:54:00Z,2024-08-11T07:55:02.083Z,2024-08-11T07:55:02.083Z
tP9nVg10hS,63,63,63,53,69,26.53,,0,0.0,21June2024,2024-08-11 01:59:00,0,2024-08-11T07:59:00Z,2024-08-11T08:00:01.598Z,2024-08-11T08:00:01.598Z
G7uVMgcVWF,63,63,63,53,69,26.52,,0,0.0,21June2024,2024-08-11 02:04:00,0,2024-08-11T08:04:00Z,2024-08-11T08:05:01.729Z,2024-08-11T08:05:01.729Z
BKZOBfbWRE,63,63,63,53,70,26.53,,0,0.0,21June2024,2024-08-11 02:09:00,0,2024-08-11T08:09:00Z,2024-08-11T08:10:02.318Z,2024-08-11T08:10:02.318Z
pdwwMCwGt2,63,63,63,53,70,26.53,,0,0.0,21June2024,2024-08-11 02:14:00,0,2024-08-11T08:14:00Z,2024-08-11T08:15:02.024Z,2024-08-11T08:15:02.024Z
SisE2X6OU4,63,63,63,53,70,26.53,,0,0.0,21June2024,2024-08-11 02:19:00,0,2024-08-11T08:19:00Z,2024-08-11T08:20:01.805Z,2024-08-11T08:20:01.805Z
OYc1ohIyOS,63,63,63,53,70,26.53,,0,0.0,21June2024,2024-08-11 02:24:00,0,2024-08-11T08:24:00Z,2024-08-11T08:25:02.037Z,2024-08-11T08:25:02.037Z
ProWCBIKtn,63,63,63,53,71,26.53,,0,0.0,21June2024,2024-08-11 02:29:00,0,2024-08-11T08:29:00Z,2024-08-11T08:30:01.620Z,2024-08-11T08:30:01.620Z
gY6GElHjYj,63,63,63,54,71,26.53,,0,0.0,21June2024,2024-08-11 02:34:00,0,2024-08-11T08:34:00Z,2024-08-11T08:35:02.294Z,2024-08-11T08:35:02.294Z
6nBsDzCbKF,63,63,63,53,71,26.53,,0,0.0,21June2024,2024-08-11 02:39:00,0,2024-08-11T08:39:00Z,2024-08-11T08:40:01.874Z,2024-08-11T08:40:01.874Z
PTAYt9OdVR,63,63,63,53,71,26.53,,0,0.0,21June2024,2024-08-11 02:44:00,0,2024-08-11T08:44:00Z,2024-08-11T08:45:02.031Z,2024-08-11T08:45:02.031Z
XZnAkCGdN2,63,63,63,54,72,26.52,,0,0.0,21June2024,2024-08-11 02:49:00,0,2024-08-11T08:49:00Z,2024-08-11T08:50:02.197Z,2024-08-11T08:50:02.197Z
N0Lg9xtooM,63,63,63,53,72,26.53,,0,0.0,21June2024,2024-08-11 02:54:00,0,2024-08-11T08:54:00Z,2024-08-11T08:55:02.260Z,2024-08-11T08:55:02.260Z
rpK7AkOeru,62,62,62,53,72,26.53,,0,0.0,21June2024,2024-08-11 02:59:00,0,2024-08-11T08:59:00Z,2024-08-11T09:00:01.830Z,2024-08-11T09:00:01.830Z
uKWDy68VWz,62,62,62,53,72,26.53,,0,0.0,21June2024,2024-08-11 03:04:00,0,2024-08-11T09:04:00Z,2024-08-11T09:05:02.024Z,2024-08-11T09:05:02.024Z
YDGPq73SBe,62,62,62,53,73,26.53,,0,0.0,21June2024,2024-08-11 03:09:00,0,2024-08-11T09:09:00Z,2024-08-11T09:10:01.481Z,2024-08-11T09:10:01.481Z
dl3KEH77lp,62,62,62,53,73,26.54,,0,0.0,21June2024,2024-08-11 03:14:00,0,2024-08-11T09:14:00Z,2024-08-11T09:15:01.468Z,2024-08-11T09:15:01.468Z
EVvI3YEViH,62,62,62,53,73,26.54,135.0,1,0.0,21June2024,2024-08-11 03:19:00,0,2024-08-11T09:19:00Z,2024-08-11T09:20:02.183Z,2024-08-11T09:20:02.183Z
2JrBNBkuxH,62,62,62,54,74,26.54,,0,0.0,21June2024,2024-08-11 03:24:00,0,2024-08-11T09:24:00Z,2024-08-11T09:25:01.724Z,2024-08-11T09:25:01.724Z
4CylB6rrHQ,62,62,62,54,74,26.54,,0,0.0,21June2024,2024-08-11 03:29:00,0,2024-08-11T09:29:00Z,2024-08-11T09:30:02.341Z,2024-08-11T09:30:02.341Z
P1NzSUKlOu,62,62,62,54,74,26.53,,0,0.0,21June2024,2024-08-11 03:34:00,0,2024-08-11T09:34:00Z,2024-08-11T09:35:02.167Z,2024-08-11T09:35:02.167Z
YDasFFBSz4,62,62,62,54,74,26.54,,0,0.0,21June2024,2024-08-11 03:39:00,0,2024-08-11T09:39:00Z,2024-08-11T09:40:01.920Z,2024-08-11T09:40:01.920Z
ihVABfxs9P,62,62,62,53,74,26.53,,0,0.0,21June2024,2024-08-11 03:44:00,0,2024-08-11T09:44:00Z,2024-08-11T09:45:01.780Z,2024-08-11T09:45:01.780Z
6pWDJ8855G,62,62,62,54,75,26.53,,0,0.0,21June2024,2024-08-11 03:49:00,0,2024-08-11T09:49:00Z,2024-08-11T09:50:02.321Z,2024-08-11T09:50:02.321Z
UrRePhCy43,61,61,61,53,75,26.53,,0,0.0,21June2024,2024-08-11 03:54:00,0,2024-08-11T09:54:00Z,2024-08-11T09:55:01.574Z,2024-08-11T09:55:01.574Z
9ni83W2Ufa,61,61,61,53,75,26.53,,0,0.0,21June2024,2024-08-11 03:59:00,0,2024-08-11T09:59:00Z,2024-08-11T10:00:02.060Z,2024-08-11T10:00:02.060Z
fWoF8axvcK,61,61,61,53,75,26.52,,0,0.0,21June2024,2024-08-11 04:04:00,0,2024-08-11T10:04:00Z,2024-08-11T10:05:02.585Z,2024-08-11T10:05:02.585Z
FoD9I44z8h,60,60,60,53,76,26.53,,0,0.0,21June2024,2024-08-11 04:09:00,0,2024-08-11T10:09:00Z,2024-08-11T10:10:02.172Z,2024-08-11T10:10:02.172Z
l5CwXLb4O1,60,60,60,52,77,26.53,,0,0.0,21June2024,2024-08-11 04:14:00,0,2024-08-11T10:14:00Z,2024-08-11T10:15:02.206Z,2024-08-11T10:15:02.206Z
RML7HvcBuu,60,60,60,53,78,26.53,,0,0.0,21June2024,2024-08-11 04:19:00,0,2024-08-11T10:19:00Z,2024-08-11T10:20:01.703Z,2024-08-11T10:20:01.703Z
ebmRZ2blfR,60,60,60,53,78,26.53,,0,0.0,21June2024,2024-08-11 04:24:00,0,2024-08-11T10:24:00Z,2024-08-11T10:25:02.030Z,2024-08-11T10:25:02.030Z
bzDLnNg2SW,60,60,60,53,78,26.53,,0,0.0,21June2024,2024-08-11 04:29:00,0,2024-08-11T10:29:00Z,2024-08-11T10:30:01.662Z,2024-08-11T10:30:01.662Z
5iNJ78BsJ2,60,60,60,53,78,26.53,,0,0.0,21June2024,2024-08-11 04:34:00,0,2024-08-11T10:34:00Z,2024-08-11T10:35:01.815Z,2024-08-11T10:35:01.815Z
s17OUDMhy6,60,60,60,53,78,26.53,,0,0.0,21June2024,2024-08-11 04:39:00,0,2024-08-11T10:39:00Z,2024-08-11T10:40:02.319Z,2024-08-11T10:40:02.319Z
V8E7hx7BMD,60,60,60,53,78,26.52,,0,0.0,21June2024,2024-08-11 04:44:00,0,2024-08-11T10:44:00Z,2024-08-11T10:45:01.447Z,2024-08-11T10:45:01.447Z
COUXIqwvz1,60,60,60,53,78,26.52,,0,0.0,21June2024,2024-08-11 04:49:00,0,2024-08-11T10:49:00Z,2024-08-11T10:50:01.648Z,2024-08-11T10:50:01.648Z
N8yOJE8jQm,60,60,60,53,77,26.52,,0,0.0,21June2024,2024-08-11 04:54:00,0,2024-08-11T10:54:00Z,2024-08-11T10:55:01.613Z,2024-08-11T10:55:01.613Z
UZpsteSrvu,60,60,60,53,77,26.52,,0,0.0,21June2024,2024-08-11 04:59:00,0,2024-08-11T10:59:00Z,2024-08-11T11:00:02.326Z,2024-08-11T11:00:02.326Z
HIzzZ5FriA,60,60,60,53,77,26.51,,0,0.0,21June2024,2024-08-11 05:04:00,0,2024-08-11T11:04:00Z,2024-08-11T11:05:01.456Z,2024-08-11T11:05:01.456Z
rcl7dvBOeJ,60,60,60,53,77,26.51,,0,0.0,21June2024,2024-08-11 05:09:00,0,2024-08-11T11:09:00Z,2024-08-11T11:10:01.756Z,2024-08-11T11:10:01.756Z
JEUTu29KLh,60,60,60,53,78,26.51,,0,0.0,21June2024,2024-08-11 05:14:00,0,2024-08-11T11:14:00Z,2024-08-11T11:15:01.442Z,2024-08-11T11:15:01.442Z
QM9iPB3jtI,60,60,60,53,78,26.51,,0,0.0,21June2024,2024-08-11 05:19:00,0,2024-08-11T11:19:00Z,2024-08-11T11:20:01.672Z,2024-08-11T11:20:01.672Z
Nla5kBVU8Y,60,60,60,53,78,26.52,,0,0.0,21June2024,2024-08-11 05:24:00,0,2024-08-11T11:24:00Z,2024-08-11T11:25:02.510Z,2024-08-11T11:25:02.510Z
GU7RyvPJiS,59,59,59,52,78,26.52,,0,0.0,21June2024,2024-08-11 05:29:00,0,2024-08-11T11:29:00Z,2024-08-11T11:30:02.180Z,2024-08-11T11:30:02.180Z
gSWCRC4X0E,59,59,59,53,79,26.52,,0,0.0,21June2024,2024-08-11 05:34:00,0,2024-08-11T11:34:00Z,2024-08-11T11:35:02.185Z,2024-08-11T11:35:02.185Z
yYiyFSmb3q,59,59,59,52,79,26.52,,0,0.0,21June2024,2024-08-11 05:39:00,0,2024-08-11T11:39:00Z,2024-08-11T11:40:01.631Z,2024-08-11T11:40:01.631Z
t4M9AvsgiS,59,59,59,52,79,26.53,,0,0.0,21June2024,2024-08-11 05:44:00,0,2024-08-11T11:44:00Z,2024-08-11T11:45:02.307Z,2024-08-11T11:45:02.307Z
vzKbVNWlSN,58,58,58,52,79,26.53,,0,0.0,21June2024,2024-08-11 05:49:00,0,2024-08-11T11:49:00Z,2024-08-11T11:50:01.797Z,2024-08-11T11:50:01.797Z
UhWwF4r1AC,58,58,58,52,80,26.53,,0,0.0,21June2024,2024-08-11 05:54:00,0,2024-08-11T11:54:00Z,2024-08-11T11:55:02.132Z,2024-08-11T11:55:02.132Z
dEsFktGD9A,58,58,58,52,79,26.53,,0,0.0,21June2024,2024-08-11 05:59:00,0,2024-08-11T11:59:00Z,2024-08-11T12:00:01.838Z,2024-08-11T12:00:01.838Z
CQWCKXU4VC,58,58,58,52,80,26.53,,0,0.0,21June2024,2024-08-11 06:04:00,0,2024-08-11T12:04:00Z,2024-08-11T12:05:01.667Z,2024-08-11T12:05:01.667Z
KFKmACILfJ,58,58,58,52,80,26.53,,0,0.0,21June2024,2024-08-11 06:09:00,0,2024-08-11T12:09:00Z,2024-08-11T12:10:02.166Z,2024-08-11T12:10:02.166Z
XLYi3H9TWY,58,58,58,52,80,26.53,,0,0.0,21June2024,2024-08-11 06:14:00,0,2024-08-11T12:14:00Z,2024-08-11T12:15:02.029Z,2024-08-11T12:15:02.029Z
UC2xYnH3lX,58,58,58,52,80,26.54,,0,0.0,21June2024,2024-08-11 06:19:00,7,2024-08-11T12:19:00Z,2024-08-11T12:20:01.975Z,2024-08-11T12:20:01.975Z
7m9YFWU7HR,58,58,58,52,80,26.54,,0,0.0,21June2024,2024-08-11 06:24:00,9,2024-08-11T12:24:00Z,2024-08-11T12:25:02.087Z,2024-08-11T12:25:02.087Z
dTMG6QvpeX,58,58,58,52,80,26.54,,0,0.0,21June2024,2024-08-11 06:29:00,13,2024-08-11T12:29:00Z,2024-08-11T12:30:01.850Z,2024-08-11T12:30:01.850Z
UbjZJbQr2J,58,58,58,52,80,26.55,,0,0.0,21June2024,2024-08-11 06:34:00,18,2024-08-11T12:34:00Z,2024-08-11T12:35:02.109Z,2024-08-11T12:35:02.109Z
T8Jmhigc4v,59,59,59,52,80,26.54,,0,0.0,21June2024,2024-08-11 06:39:00,25,2024-08-11T12:39:00Z,2024-08-11T12:40:01.737Z,2024-08-11T12:40:01.737Z
HnCeLC1rBH,59,59,59,53,80,26.54,,0,0.0,21June2024,2024-08-11 06:44:00,47,2024-08-11T12:44:00Z,2024-08-11T12:45:01.931Z,2024-08-11T12:45:01.931Z
gx6DURvYwL,59,59,59,53,80,26.55,158.0,1,0.0,21June2024,2024-08-11 06:49:00,58,2024-08-11T12:49:00Z,2024-08-11T12:50:01.602Z,2024-08-11T12:50:01.602Z
yKOTj5bPqA,60,60,60,53,80,26.55,,0,0.0,21June2024,2024-08-11 06:54:00,65,2024-08-11T12:54:00Z,2024-08-11T12:55:02.179Z,2024-08-11T12:55:02.179Z
N8uyVDYr8S,60,60,60,54,80,26.54,270.0,2,0.0,21June2024,2024-08-11 06:59:00,38,2024-08-11T12:59:00Z,2024-08-11T13:00:02.581Z,2024-08-11T13:00:02.581Z
IMbBWpOJin,60,60,60,54,79,26.53,292.0,1,0.0,21June2024,2024-08-11 07:04:00,25,2024-08-11T13:04:00Z,2024-08-11T13:05:02.075Z,2024-08-11T13:05:02.075Z
X1GnLQ5Tnr,60,60,60,54,79,26.51,,0,0.0,21June2024,2024-08-11 07:09:00,30,2024-08-11T13:09:00Z,2024-08-11T13:10:01.965Z,2024-08-11T13:10:01.965Z
DrWlcN2jzo,60,60,60,54,79,26.54,315.0,1,0.0,21June2024,2024-08-11 07:14:00,44,2024-08-11T13:14:00Z,2024-08-11T13:15:02.165Z,2024-08-11T13:15:02.165Z
y69JuvonxX,60,60,60,54,79,26.54,,0,0.0,21June2024,2024-08-11 07:19:00,74,2024-08-11T13:19:00Z,2024-08-11T13:20:01.564Z,2024-08-11T13:20:01.564Z
1GmnGRMN9o,61,61,61,54,79,26.53,,0,0.0,21June2024,2024-08-11 07:24:00,81,2024-08-11T13:24:00Z,2024-08-11T13:25:01.965Z,2024-08-11T13:25:01.965Z
cnEIEPV76p,61,61,61,54,79,26.52,,0,0.0,21June2024,2024-08-11 07:29:00,56,2024-08-11T13:29:00Z,2024-08-11T13:30:01.476Z,2024-08-11T13:30:01.476Z
l4Fq3hfcvt,61,61,61,54,79,26.52,,0,0.0,21June2024,2024-08-11 07:34:00,49,2024-08-11T13:34:00Z,2024-08-11T13:35:01.799Z,2024-08-11T13:35:01.799Z
MdvSBPUMtY,61,61,61,54,78,26.53,,0,0.0,21June2024,2024-08-11 07:39:00,76,2024-08-11T13:39:00Z,2024-08-11T13:40:02.251Z,2024-08-11T13:40:02.251Z
udzCB8AQRK,61,61,61,54,78,26.52,,0,0.0,21June2024,2024-08-11 07:44:00,79,2024-08-11T13:44:00Z,2024-08-11T13:45:02.912Z,2024-08-11T13:45:02.912Z
a9Hn6pcHuh,61,61,61,54,78,26.54,315.0,1,0.0,21June2024,2024-08-11 07:49:00,88,2024-08-11T13:49:00Z,2024-08-11T13:50:02.151Z,2024-08-11T13:50:02.151Z
m9EaALfPXf,61,61,61,54,78,26.53,315.0,1,0.0,21June2024,2024-08-11 07:54:00,91,2024-08-11T13:54:00Z,2024-08-11T13:55:01.769Z,2024-08-11T13:55:01.769Z
Y4r6X5qDdh,61,61,61,54,78,26.53,,0,0.0,21June2024,2024-08-11 07:59:00,83,2024-08-11T13:59:00Z,2024-08-11T14:00:02.449Z,2024-08-11T14:00:02.449Z
fWBrCq6q1K,61,61,61,54,77,26.52,,0,0.0,21June2024,2024-08-11 08:04:00,58,2024-08-11T14:04:00Z,2024-08-11T14:05:01.588Z,2024-08-11T14:05:01.588Z
MQ4yCYyYc7,61,61,61,54,77,26.52,,0,0.0,21June2024,2024-08-11 08:09:00,54,2024-08-11T14:09:00Z,2024-08-11T14:10:01.948Z,2024-08-11T14:10:01.948Z
KwVCeRgGxU,61,61,61,54,77,26.52,,0,0.0,21June2024,2024-08-11 08:14:00,60,2024-08-11T14:14:00Z,2024-08-11T14:15:02.116Z,2024-08-11T14:15:02.116Z
nh8Zs1JNLm,62,62,62,54,77,26.52,,0,0.0,21June2024,2024-08-11 08:19:00,65,2024-08-11T14:19:00Z,2024-08-11T14:20:02.419Z,2024-08-11T14:20:02.419Z
fbd7fJXXwz,62,62,62,54,77,26.52,,0,0.0,21June2024,2024-08-11 08:24:00,77,2024-08-11T14:24:00Z,2024-08-11T14:25:02.172Z,2024-08-11T14:25:02.172Z
PNczCH03A2,62,62,62,54,77,26.52,,0,0.0,21June2024,2024-08-11 08:29:00,84,2024-08-11T14:29:00Z,2024-08-11T14:30:01.752Z,2024-08-11T14:30:01.752Z
6cO53DXNdU,62,62,62,55,77,26.52,,0,0.0,21June2024,2024-08-11 08:34:00,93,2024-08-11T14:34:00Z,2024-08-11T14:35:01.379Z,2024-08-11T14:35:01.379Z
CJJiR0lI9y,62,62,62,55,77,26.52,,0,0.0,21June2024,2024-08-11 08:39:00,95,2024-08-11T14:39:00Z,2024-08-11T14:40:01.884Z,2024-08-11T14:40:01.884Z
j66PbsAzyl,62,62,62,54,76,26.52,,0,0.0,21June2024,2024-08-11 08:44:00,104,2024-08-11T14:44:00Z,2024-08-11T14:45:02.393Z,2024-08-11T14:45:02.393Z
x6tKdF9RMG,62,62,62,55,76,26.52,,0,0.0,21June2024,2024-08-11 08:49:00,109,2024-08-11T14:49:00Z,2024-08-11T14:50:02.220Z,2024-08-11T14:50:02.220Z
nJmDhWI3Gt,62,62,62,55,76,26.52,,0,0.0,21June2024,2024-08-11 08:54:00,130,2024-08-11T14:54:00Z,2024-08-11T14:55:02.464Z,2024-08-11T14:55:02.464Z
2GYSzmqE2F,63,63,63,55,76,26.52,,0,0.0,21June2024,2024-08-11 08:59:00,134,2024-08-11T14:59:00Z,2024-08-11T15:00:02.292Z,2024-08-11T15:00:02.292Z
DAGbYHlywa,63,63,63,55,75,26.52,,0,0.0,21June2024,2024-08-11 09:04:00,120,2024-08-11T15:04:00Z,2024-08-11T15:05:02.185Z,2024-08-11T15:05:02.185Z
AqAFA4qkJQ,63,63,63,55,75,26.51,,0,0.0,21June2024,2024-08-11 09:09:00,77,2024-08-11T15:09:00Z,2024-08-11T15:10:02.529Z,2024-08-11T15:10:02.529Z
LGmmS2K0Zk,63,63,63,55,74,26.51,,0,0.0,21June2024,2024-08-11 09:14:00,56,2024-08-11T15:14:00Z,2024-08-11T15:15:02.079Z,2024-08-11T15:15:02.079Z
4ZodQkUKqn,63,63,63,55,73,26.51,,0,0.0,21June2024,2024-08-11 09:19:00,46,2024-08-11T15:19:00Z,2024-08-11T15:20:02.057Z,2024-08-11T15:20:02.057Z
Gl8Y7qyoVa,64,64,64,55,73,26.51,,0,0.0,21June2024,2024-08-11 09:24:00,46,2024-08-11T15:24:00Z,2024-08-11T15:25:01.814Z,2024-08-11T15:25:01.814Z
P7E6DDFuHq,64,64,64,55,72,26.51,,0,0.0,21June2024,2024-08-11 09:29:00,69,2024-08-11T15:29:00Z,2024-08-11T15:30:02.373Z,2024-08-11T15:30:02.373Z
GdJL1gEKbo,65,65,65,55,71,26.51,,0,0.0,21June2024,2024-08-11 09:34:00,135,2024-08-11T15:34:00Z,2024-08-11T15:35:01.883Z,2024-08-11T15:35:01.883Z
ifxpefAehG,66,66,66,56,70,26.5,,0,0.0,21June2024,2024-08-11 09:39:00,179,2024-08-11T15:39:00Z,2024-08-11T15:40:02.374Z,2024-08-11T15:40:02.374Z
3WknSQYOmd,66,66,66,56,70,26.5,,0,0.0,21June2024,2024-08-11 09:44:00,172,2024-08-11T15:44:00Z,2024-08-11T15:45:01.613Z,2024-08-11T15:45:01.613Z
CMUwq728DX,66,66,66,56,70,26.5,,0,0.0,21June2024,2024-08-11 09:49:00,188,2024-08-11T15:49:00Z,2024-08-11T15:50:02.136Z,2024-08-11T15:50:02.136Z
JPaAJxm7EM,66,66,66,55,69,26.5,,0,0.0,21June2024,2024-08-11 09:54:00,129,2024-08-11T15:54:00Z,2024-08-11T15:55:01.684Z,2024-08-11T15:55:01.684Z
jOVrlpdlGe,66,66,66,56,70,26.5,,0,0.0,21June2024,2024-08-11 09:59:00,102,2024-08-11T15:59:00Z,2024-08-11T16:00:02.170Z,2024-08-11T16:00:02.170Z
XxeVSJlmA0,66,66,66,55,69,26.5,,0,0.0,21June2024,2024-08-11 10:04:00,100,2024-08-11T16:04:00Z,2024-08-11T16:05:02.247Z,2024-08-11T16:05:02.247Z
BNmkn0g6mV,67,67,67,57,70,26.5,,0,0.0,21June2024,2024-08-11 10:09:00,142,2024-08-11T16:09:00Z,2024-08-11T16:10:02.366Z,2024-08-11T16:10:02.366Z
srA13EMFJt,67,67,67,56,68,26.5,,0,0.0,21June2024,2024-08-11 10:14:00,149,2024-08-11T16:14:00Z,2024-08-11T16:15:01.907Z,2024-08-11T16:15:01.907Z
ra6X1Wc6SN,67,67,67,56,68,26.5,,0,0.0,21June2024,2024-08-11 10:19:00,241,2024-08-11T16:19:00Z,2024-08-11T16:20:01.543Z,2024-08-11T16:20:01.543Z
zj0qhFLeat,69,69,69,56,65,26.49,,0,0.0,21June2024,2024-08-11 10:24:00,240,2024-08-11T16:24:00Z,2024-08-11T16:25:01.743Z,2024-08-11T16:25:01.743Z
ir8ARY015K,69,69,69,56,63,26.49,,0,0.0,21June2024,2024-08-11 10:29:00,277,2024-08-11T16:29:00Z,2024-08-11T16:30:02.213Z,2024-08-11T16:30:02.213Z
H6pwouTx22,69,69,69,55,60,26.49,,0,0.0,21June2024,2024-08-11 10:34:00,244,2024-08-11T16:34:00Z,2024-08-11T16:35:01.751Z,2024-08-11T16:35:01.751Z
hiVmEMQmv2,69,69,69,54,59,26.5,,0,0.0,21June2024,2024-08-11 10:39:00,234,2024-08-11T16:39:00Z,2024-08-11T16:40:02.280Z,2024-08-11T16:40:02.280Z
eTplhIVVWS,69,69,69,54,58,26.49,,0,0.0,21June2024,2024-08-11 10:44:00,237,2024-08-11T16:44:00Z,2024-08-11T16:45:01.415Z,2024-08-11T16:45:01.415Z
iN8XFB9cnT,69,69,69,54,59,26.49,,0,0.0,21June2024,2024-08-11 10:49:00,207,2024-08-11T16:49:00Z,2024-08-11T16:50:02.392Z,2024-08-11T16:50:02.392Z
FaPmb555Hu,69,69,69,55,61,26.49,,0,0.0,21June2024,2024-08-11 10:54:00,197,2024-08-11T16:54:00Z,2024-08-11T16:55:01.490Z,2024-08-11T16:55:01.490Z
lEocb4Fcoy,69,69,69,55,61,26.49,,0,0.0,21June2024,2024-08-11 10:59:00,355,2024-08-11T16:59:00Z,2024-08-11T17:00:02.170Z,2024-08-11T17:00:02.170Z
s58h7DUdOU,70,70,70,56,61,26.49,,0,0.0,21June2024,2024-08-11 11:04:00,786,2024-08-11T17:04:00Z,2024-08-11T17:05:02.339Z,2024-08-11T17:05:02.339Z
mivDLFrUjU,71,70,71,56,60,26.49,,0,0.0,21June2024,2024-08-11 11:09:00,659,2024-08-11T17:09:00Z,2024-08-11T17:10:01.665Z,2024-08-11T17:10:01.665Z
5c5lwiVfzC,71,71,71,57,60,26.49,112.0,1,0.0,21June2024,2024-08-11 11:14:00,840,2024-08-11T17:14:00Z,2024-08-11T17:15:02.272Z,2024-08-11T17:15:02.272Z
UgBvGJciZz,71,71,71,56,59,26.49,270.0,2,0.0,21June2024,2024-08-11 11:19:00,784,2024-08-11T17:19:00Z,2024-08-11T17:20:02.170Z,2024-08-11T17:20:02.170Z
vcgH8pNRls,72,72,72,56,58,26.49,,0,0.0,21June2024,2024-08-11 11:24:00,814,2024-08-11T17:24:00Z,2024-08-11T17:25:02.170Z,2024-08-11T17:25:02.170Z
lsxVVVL4Yr,72,72,72,56,57,26.48,,0,0.0,21June2024,2024-08-11 11:29:00,800,2024-08-11T17:29:00Z,2024-08-11T17:30:01.745Z,2024-08-11T17:30:01.745Z
oDOKz52vwI,73,73,73,56,54,26.48,,0,0.0,21June2024,2024-08-11 11:34:00,898,2024-08-11T17:34:00Z,2024-08-11T17:35:02.226Z,2024-08-11T17:35:02.226Z
23lGH3UwB8,73,73,73,56,55,26.48,,0,0.0,21June2024,2024-08-11 11:39:00,916,2024-08-11T17:39:00Z,2024-08-11T17:40:01.704Z,2024-08-11T17:40:01.704Z
xXrKJFGsR1,73,73,73,57,56,26.48,,0,0.0,21June2024,2024-08-11 11:44:00,861,2024-08-11T17:44:00Z,2024-08-11T17:45:01.937Z,2024-08-11T17:45:01.937Z
1ssahWxkir,73,73,73,55,52,26.48,,0,0.0,21June2024,2024-08-11 11:49:00,879,2024-08-11T17:49:00Z,2024-08-11T17:50:01.857Z,2024-08-11T17:50:01.857Z
oNvpjBuxRT,74,74,74,54,50,26.48,112.0,2,0.0,21June2024,2024-08-11 11:54:00,886,2024-08-11T17:54:00Z,2024-08-11T17:55:01.595Z,2024-08-11T17:55:01.595Z
Pj7QxwPviA,75,75,75,55,50,26.47,,0,0.0,21June2024,2024-08-11 11:59:00,868,2024-08-11T17:59:00Z,2024-08-11T18:00:02.253Z,2024-08-11T18:00:02.253Z
hg0oVBHzED,76,75,76,54,47,26.47,,0,0.0,21June2024,2024-08-11 12:04:00,904,2024-08-11T18:04:00Z,2024-08-11T18:05:01.855Z,2024-08-11T18:05:01.855Z
uIFcjcDlBM,76,75,76,53,44,26.47,,0,0.0,21June2024,2024-08-11 12:09:00,895,2024-08-11T18:09:00Z,2024-08-11T18:10:01.497Z,2024-08-11T18:10:01.497Z
HHTKKkpUL5,77,77,77,54,44,26.47,292.0,2,0.0,21June2024,2024-08-11 12:14:00,902,2024-08-11T18:14:00Z,2024-08-11T18:15:01.527Z,2024-08-11T18:15:01.527Z
3ScehM5E3O,79,78,79,54,42,26.47,292.0,2,0.0,21June2024,2024-08-11 12:19:00,911,2024-08-11T18:19:00Z,2024-08-11T18:20:01.492Z,2024-08-11T18:20:01.492Z
hlOWQ8o2y3,78,78,78,54,43,26.46,,0,0.0,21June2024,2024-08-11 12:24:00,912,2024-08-11T18:24:00Z,2024-08-11T18:25:01.914Z,2024-08-11T18:25:01.914Z
nPymZIpB6H,80,79,80,54,41,26.46,68.0,2,0.0,21June2024,2024-08-11 12:29:00,911,2024-08-11T18:29:00Z,2024-08-11T18:30:02.525Z,2024-08-11T18:30:02.525Z
b1PSGFOAOc,81,80,81,52,37,26.46,,0,0.0,21June2024,2024-08-11 12:34:00,944,2024-08-11T18:34:00Z,2024-08-11T18:35:01.440Z,2024-08-11T18:35:01.440Z
qTWdGaLJ8G,81,80,81,52,37,26.46,22.0,1,0.0,21June2024,2024-08-11 12:39:00,925,2024-08-11T18:39:00Z,2024-08-11T18:40:01.962Z,2024-08-11T18:40:01.962Z
gsb2figmEY,81,80,81,52,37,26.46,,0,0.0,21June2024,2024-08-11 12:44:00,933,2024-08-11T18:44:00Z,2024-08-11T18:45:02.070Z,2024-08-11T18:45:02.070Z
8bAbsoSDx1,82,81,82,52,35,26.45,,0,0.0,21June2024,2024-08-11 12:49:00,928,2024-08-11T18:49:00Z,2024-08-11T18:50:01.775Z,2024-08-11T18:50:01.775Z
33pUtwjBHU,82,81,82,53,36,26.45,315.0,1,0.0,21June2024,2024-08-11 12:54:00,932,2024-08-11T18:54:00Z,2024-08-11T18:55:02.313Z,2024-08-11T18:55:02.313Z
rR4An3jA0m,83,81,83,52,35,26.45,315.0,2,0.0,21June2024,2024-08-11 12:59:00,925,2024-08-11T18:59:00Z,2024-08-11T19:00:02.052Z,2024-08-11T19:00:02.052Z
cRSwwlg8r3,84,82,84,52,34,26.45,292.0,1,0.0,21June2024,2024-08-11 13:04:00,932,2024-08-11T19:04:00Z,2024-08-11T19:05:02.030Z,2024-08-11T19:05:02.030Z
dlH4WNbhrJ,83,82,83,51,33,26.45,292.0,2,0.0,21June2024,2024-08-11 13:09:00,925,2024-08-11T19:09:00Z,2024-08-11T19:10:02.090Z,2024-08-11T19:10:02.090Z
4QUPM4YlqV,83,82,83,53,35,26.44,,0,0.0,21June2024,2024-08-11 13:14:00,932,2024-08-11T19:14:00Z,2024-08-11T19:15:01.756Z,2024-08-11T19:15:01.756Z
vxyYLRkCsR,84,82,84,52,33,26.44,,0,0.0,21June2024,2024-08-11 13:19:00,951,2024-08-11T19:19:00Z,2024-08-11T19:20:01.662Z,2024-08-11T19:20:01.662Z
ST9fQ9VMpi,84,83,84,53,34,26.44,90.0,2,0.0,21June2024,2024-08-11 13:24:00,939,2024-08-11T19:24:00Z,2024-08-11T19:25:02.196Z,2024-08-11T19:25:02.196Z
zhsd4fNpY3,84,82,84,50,30,26.44,112.0,1,0.0,21June2024,2024-08-11 13:29:00,932,2024-08-11T19:29:00Z,2024-08-11T19:30:01.808Z,2024-08-11T19:30:01.808Z
scLH91TEJT,85,83,85,51,31,26.44,,0,0.0,21June2024,2024-08-11 13:34:00,919,2024-08-11T19:34:00Z,2024-08-11T19:35:01.692Z,2024-08-11T19:35:01.692Z
OFOWmy0Qyi,85,83,85,52,33,26.43,135.0,4,0.0,21June2024,2024-08-11 13:39:00,916,2024-08-11T19:39:00Z,2024-08-11T19:40:02.172Z,2024-08-11T19:40:02.172Z
GpZI51Slsm,85,83,85,51,31,26.43,,0,0.0,21June2024,2024-08-11 13:44:00,923,2024-08-11T19:44:00Z,2024-08-11T19:45:02.395Z,2024-08-11T19:45:02.395Z
l7CyI8kUBy,87,84,87,47,25,26.43,112.0,1,0.0,21June2024,2024-08-11 13:49:00,924,2024-08-11T19:49:00Z,2024-08-11T19:50:02.723Z,2024-08-11T19:50:02.723Z
7YgJ9o0XaO,88,85,88,52,30,26.43,135.0,2,0.0,21June2024,2024-08-11 13:54:00,951,2024-08-11T19:54:00Z,2024-08-11T19:55:01.471Z,2024-08-11T19:55:01.471Z
GB7HUjptnB,87,85,87,50,28,26.43,112.0,2,0.0,21June2024,2024-08-11 13:59:00,1048,2024-08-11T19:59:00Z,2024-08-11T20:00:02.217Z,2024-08-11T20:00:02.217Z
NIi8IqxFOb,86,84,86,52,31,26.43,270.0,3,0.0,21June2024,2024-08-11 14:04:00,213,2024-08-11T20:04:00Z,2024-08-11T20:05:01.497Z,2024-08-11T20:05:01.497Z
HfYz3XEXbv,86,83,86,47,26,26.43,270.0,3,0.0,21June2024,2024-08-11 14:09:00,976,2024-08-11T20:09:00Z,2024-08-11T20:10:01.763Z,2024-08-11T20:10:01.763Z
ppViGrM1IM,87,84,87,49,27,26.43,270.0,11,0.0,21June2024,2024-08-11 14:14:00,928,2024-08-11T20:14:00Z,2024-08-11T20:15:01.829Z,2024-08-11T20:15:01.829Z
uBEPiQ8Hhg,88,84,88,36,16,26.42,270.0,9,0.0,21June2024,2024-08-11 14:19:00,1028,2024-08-11T20:19:00Z,2024-08-11T20:20:02.438Z,2024-08-11T20:20:02.438Z
mfCLkgrIfe,88,84,88,36,16,26.42,248.0,6,0.0,21June2024,2024-08-11 14:24:00,271,2024-08-11T20:24:00Z,2024-08-11T20:25:02.184Z,2024-08-11T20:25:02.184Z
BOAHBMV08M,87,83,87,33,15,26.41,270.0,8,0.0,21June2024,2024-08-11 14:29:00,285,2024-08-11T20:29:00Z,2024-08-11T20:30:01.707Z,2024-08-11T20:30:01.707Z
yK7lm15sjA,86,83,86,33,15,26.42,270.0,5,0.0,21June2024,2024-08-11 14:34:00,329,2024-08-11T20:34:00Z,2024-08-11T20:35:02.032Z,2024-08-11T20:35:02.032Z
huDDXd9AgT,87,83,87,34,15,26.42,248.0,6,0.0,21June2024,2024-08-11 14:39:00,308,2024-08-11T20:39:00Z,2024-08-11T20:40:01.673Z,2024-08-11T20:40:01.673Z
9yGxkagyAU,86,83,86,33,15,26.42,270.0,3,0.0,21June2024,2024-08-11 14:44:00,954,2024-08-11T20:44:00Z,2024-08-11T20:45:01.757Z,2024-08-11T20:45:01.757Z
DMqkNWFCKt,87,84,87,36,16,26.42,225.0,2,0.0,21June2024,2024-08-11 14:49:00,912,2024-08-11T20:49:00Z,2024-08-11T20:50:01.935Z,2024-08-11T20:50:01.935Z
WoCrrmtyml,89,85,89,35,15,26.41,135.0,3,0.0,21June2024,2024-08-11 14:54:00,854,2024-08-11T20:54:00Z,2024-08-11T20:55:01.537Z,2024-08-11T20:55:01.537Z
HDFJIMKcFR,89,85,89,37,16,26.41,135.0,4,0.0,21June2024,2024-08-11 14:59:00,825,2024-08-11T20:59:00Z,2024-08-11T21:00:02.222Z,2024-08-11T21:00:02.222Z
chzfpZ7Hrc,89,85,89,39,17,26.41,135.0,2,0.0,21June2024,2024-08-11 15:04:00,870,2024-08-11T21:04:00Z,2024-08-11T21:05:01.975Z,2024-08-11T21:05:01.975Z
yuc2Clkzk2,90,86,90,34,14,26.41,180.0,1,0.0,21June2024,2024-08-11 15:09:00,925,2024-08-11T21:09:00Z,2024-08-11T21:10:01.620Z,2024-08-11T21:10:01.620Z
v96m3yXu2r,90,86,90,36,15,26.41,292.0,3,0.0,21June2024,2024-08-11 15:14:00,615,2024-08-11T21:14:00Z,2024-08-11T21:15:02.310Z,2024-08-11T21:15:02.310Z
PpZoVBEVqi,90,86,90,32,13,26.4,292.0,2,0.0,21June2024,2024-08-11 15:19:00,925,2024-08-11T21:19:00Z,2024-08-11T21:20:02.315Z,2024-08-11T21:20:02.315Z
ajAk6HNbHZ,91,87,91,37,15,26.4,,0,0.0,21June2024,2024-08-11 15:24:00,884,2024-08-11T21:24:00Z,2024-08-11T21:25:01.902Z,2024-08-11T21:25:01.902Z
v6hvbGLBhh,91,87,91,34,13,26.4,135.0,1,0.0,21June2024,2024-08-11 15:29:00,156,2024-08-11T21:29:00Z,2024-08-11T21:30:02.799Z,2024-08-11T21:30:02.799Z
ugAlPNSBKI,90,86,90,36,15,26.4,,0,0.0,21June2024,2024-08-11 15:34:00,147,2024-08-11T21:34:00Z,2024-08-11T21:35:01.635Z,2024-08-11T21:35:01.635Z
q4SAVzC4gx,88,84,88,38,17,26.4,292.0,1,0.0,21June2024,2024-08-11 15:39:00,149,2024-08-11T21:39:00Z,2024-08-11T21:40:01.600Z,2024-08-11T21:40:01.600Z
wlOdYrlm5c,87,83,87,37,17,26.4,135.0,3,0.0,21June2024,2024-08-11 15:44:00,146,2024-08-11T21:44:00Z,2024-08-11T21:45:02.201Z,2024-08-11T21:45:02.201Z
MNKCzJBcO3,86,83,86,38,18,26.4,,0,0.0,21June2024,2024-08-11 15:49:00,204,2024-08-11T21:49:00Z,2024-08-11T21:50:01.896Z,2024-08-11T21:50:01.896Z
piC2iJ0FCh,87,83,87,40,19,26.4,135.0,2,0.0,21June2024,2024-08-11 15:54:00,269,2024-08-11T21:54:00Z,2024-08-11T21:55:01.713Z,2024-08-11T21:55:01.713Z
qVxNgCvGgu,86,83,86,36,17,26.4,158.0,1,0.0,21June2024,2024-08-11 15:59:00,116,2024-08-11T21:59:00Z,2024-08-11T22:00:02.491Z,2024-08-11T22:00:02.491Z
Qaj1CKrKvo,85,82,85,38,19,26.39,135.0,2,0.0,21June2024,2024-08-11 16:04:00,95,2024-08-11T22:04:00Z,2024-08-11T22:05:02.514Z,2024-08-11T22:05:02.514Z
jiCPzjnKRj,85,82,85,40,20,26.4,,0,0.0,21June2024,2024-08-11 16:09:00,93,2024-08-11T22:09:00Z,2024-08-11T22:10:02.270Z,2024-08-11T22:10:02.270Z
rBzcNHdytr,85,82,85,38,19,26.4,135.0,2,0.0,21June2024,2024-08-11 16:14:00,91,2024-08-11T22:14:00Z,2024-08-11T22:15:01.781Z,2024-08-11T22:15:01.781Z
vgeD4vXIdZ,84,82,84,40,21,26.4,135.0,1,0.0,21June2024,2024-08-11 16:19:00,72,2024-08-11T22:19:00Z,2024-08-11T22:20:01.764Z,2024-08-11T22:20:01.764Z
dGftL24Ggl,84,81,84,41,22,26.39,,0,0.0,21June2024,2024-08-11 16:24:00,65,2024-08-11T22:24:00Z,2024-08-11T22:25:01.569Z,2024-08-11T22:25:01.569Z
4vewTlk7gL,84,81,84,42,23,26.4,135.0,1,0.0,21June2024,2024-08-11 16:29:00,37,2024-08-11T22:29:00Z,2024-08-11T22:30:02.370Z,2024-08-11T22:30:02.370Z
ArTkmmW4ef,84,81,84,41,22,26.4,,0,0.0,21June2024,2024-08-11 16:34:00,40,2024-08-11T22:34:00Z,2024-08-11T22:35:01.898Z,2024-08-11T22:35:01.898Z
UyJbcsPFJF,83,81,83,46,27,26.41,225.0,1,0.0,21June2024,2024-08-11 16:39:00,47,2024-08-11T22:39:00Z,2024-08-11T22:40:02.267Z,2024-08-11T22:40:02.267Z
HG22iGnbGM,80,79,80,40,24,26.43,158.0,5,0.0,21June2024,2024-08-11 16:44:00,78,2024-08-11T22:44:00Z,2024-08-11T22:45:01.395Z,2024-08-11T22:45:01.395Z
J9IU7rzIst,79,78,79,41,26,26.42,270.0,5,0.0,21June2024,2024-08-11 16:49:00,98,2024-08-11T22:49:00Z,2024-08-11T22:50:02.308Z,2024-08-11T22:50:02.308Z
0eMOwgbhxA,79,78,79,39,24,26.42,270.0,8,0.0,21June2024,2024-08-11 16:54:00,128,2024-08-11T22:54:00Z,2024-08-11T22:55:01.504Z,2024-08-11T22:55:01.504Z
1aSxVnU3WA,80,79,80,35,20,26.41,270.0,8,0.0,21June2024,2024-08-11 16:59:00,156,2024-08-11T22:59:00Z,2024-08-11T23:00:02.467Z,2024-08-11T23:00:02.467Z
MyLzPIzE9H,82,79,82,33,17,26.4,270.0,7,0.0,21June2024,2024-08-11 17:04:00,200,2024-08-11T23:04:00Z,2024-08-11T23:05:02.349Z,2024-08-11T23:05:02.349Z
FPVcO4h2jb,82,80,82,34,18,26.4,248.0,4,0.0,21June2024,2024-08-11 17:09:00,262,2024-08-11T23:09:00Z,2024-08-11T23:10:01.503Z,2024-08-11T23:10:01.503Z
CDmSBkMdTr,83,81,83,35,18,26.4,248.0,6,0.0,21June2024,2024-08-11 17:14:00,421,2024-08-11T23:14:00Z,2024-08-11T23:15:01.787Z,2024-08-11T23:15:01.787Z
YFCZalKoRA,85,82,85,28,13,26.4,270.0,5,0.0,21June2024,2024-08-11 17:19:00,136,2024-08-11T23:19:00Z,2024-08-11T23:20:02.267Z,2024-08-11T23:20:02.267Z
DduMN2pByt,85,82,85,29,13,26.4,270.0,5,0.0,21June2024,2024-08-11 17:24:00,146,2024-08-11T23:24:00Z,2024-08-11T23:25:02.095Z,2024-08-11T23:25:02.095Z
CrVCYfOh0M,85,82,85,29,13,26.4,270.0,8,0.0,21June2024,2024-08-11 17:29:00,95,2024-08-11T23:29:00Z,2024-08-11T23:30:01.714Z,2024-08-11T23:30:01.714Z
VI17IPouZT,85,82,85,31,14,26.4,248.0,6,0.0,21June2024,2024-08-11 17:34:00,84,2024-08-11T23:34:00Z,2024-08-11T23:35:01.554Z,2024-08-11T23:35:01.554Z
SNtlYxIHUs,85,82,85,31,14,26.4,315.0,3,0.0,21June2024,2024-08-11 17:39:00,95,2024-08-11T23:39:00Z,2024-08-11T23:40:02.154Z,2024-08-11T23:40:02.154Z
yiLDaGBfOq,85,82,85,29,13,26.4,270.0,10,0.0,21June2024,2024-08-11 17:44:00,84,2024-08-11T23:44:00Z,2024-08-11T23:45:01.872Z,2024-08-11T23:45:01.872Z
UVBCUnLPI9,85,82,85,31,14,26.39,270.0,8,0.0,21June2024,2024-08-11 17:49:00,81,2024-08-11T23:49:00Z,2024-08-11T23:50:01.773Z,2024-08-11T23:50:01.773Z
7fYap5fEqh,85,82,85,32,15,26.39,270.0,2,0.0,21June2024,2024-08-11 17:54:00,93,2024-08-11T23:54:00Z,2024-08-11T23:55:01.605Z,2024-08-11T23:55:01.605Z
